source,headline,pubDate
Yahoo Finance,RAKBANK Wins Approval for AED Stablecoin as UAE’s Digital Dirham Skips 2025 Launch,2026-01-07T10:09:33Z
Yahoo Finance,The POWER Interview: Investing in Energy Solutions for the Data Center Boom,2026-01-07T09:57:55Z
Yahoo Finance,Oil falls after Trump says Venezuela will supply to US,2026-01-07T09:50:06Z
Yahoo Finance,Is Plug Power (PLUG) One of the Best US Penny Stocks to Buy?,2026-01-07T09:45:16Z
Yahoo Finance,Rosenblatt and Benchmark Positive on Taboola.com (TBLA),2026-01-07T09:45:14Z
Yahoo Finance,Cadence Minerals secures preliminary licence for Amapá Mine in Brazil,2026-01-07T10:07:12Z
Yahoo Finance,Analysts See Uncertainty Around Coty Inc. (COTY),2026-01-07T09:45:13Z
Yahoo Finance,Piper Sandler and H.C. Wainwright Stay Bullish on CytomX (CTMX),2026-01-07T09:45:11Z
Yahoo Finance,Mixed Analyst Views on Newell Brands (NWL),2026-01-07T09:45:09Z
Yahoo Finance,JetBlue (JBLU) to Add New York–Cleveland Service in 2026,2026-01-07T09:45:07Z
Yahoo Finance,This $10 Tech Fund Quietly Matched Wall Street's Returns Without a Trading Account,2026-01-07T09:57:17Z
Yahoo Finance,"Geron (GERN) Plans Restructuring to Cut Costs, H.C. Wainwright Stays Neutral",2026-01-07T09:45:06Z
Yahoo Finance,"UBS Reaffirms Buy on Under Armour (UA), Sees Turnaround Potential",2026-01-07T09:45:03Z
Yahoo Finance,Analysts Stay Positive on Alight (ALIT) Despite CFO Exit,2026-01-07T09:45:04Z
Yahoo Finance,Jefferies and KBW Neutral on UWM Holdings (UWMC),2026-01-07T09:45:01Z
Yahoo Finance,ShopOne enters Texas with acquisition of Houston retail centre,2026-01-07T09:49:48Z
Yahoo Finance,Credit card interest rate forecast for 2026: Rate cuts will bring little relief to cardholders,2026-01-06T00:01:00Z
Yahoo Finance,"From Oil to LNG, Too Much Supply Is Still the Problem in 2026",2026-01-06T00:30:00Z
Yahoo Finance,This High-Yield Dividend Stock Could Be One of the Top Buys for 2026,2026-01-06T00:30:02Z
Yahoo Finance,Trump’s Venezuela Oil Dream Meets a $100 Billion Reality Check,2026-01-06T00:00:00Z
Yahoo Finance,Where Will Uber Technologies Stock Be in 3 Years?,2026-01-07T09:45:00Z
Yahoo Finance,Vistra Expands Gas Fleet With $4 Billion Cogentrix Acquisition,2026-01-06T00:57:12Z
Yahoo Finance,Corn Rallies Back on Monday,2026-01-05T23:12:44Z
Yahoo Finance,Cotton Rally on Monday,2026-01-05T23:12:44Z
Yahoo Finance,Soybeans Post Double Digit Gains on Monday,2026-01-05T23:12:44Z
Yahoo Finance,Shareholder Activism Worked in 2025. The Surge Will Continue This Year.,2026-01-06T00:14:00Z
Yahoo Finance,Samsung likely to flag 160% jump in Q4 profit as AI boom stokes chip prices,2026-01-06T01:27:34Z
Yahoo Finance,The Libya Oil Story No One Is Pricing In Yet,2026-01-05T23:00:00Z
Yahoo Finance,Daily ETF Flows: VOO Tops The List,2026-01-05T23:00:05Z
Yahoo Finance,"Mystery trader garners $400,000-plus windfall on Maduro's capture",2026-01-05T22:55:02Z
Yahoo Finance,Prediction: The S&P 500 $1 Trillion Club Will Double Between 2026 and 2030,2026-01-06T00:20:00Z
Yahoo Finance,Bitcoin hoarder Strategy reveals $17.44 billion unrealized loss in fourth quarter,2026-01-05T22:49:52Z
Yahoo Finance,"TSMC Stock Rises, But Semiconductor Rally Fades",2026-01-05T22:32:05Z
Yahoo Finance,JPMorgan (JPM) Gets Fresh Price Target Bump as Barclays Stays Overweight on Big Banks,2026-01-06T02:31:46Z
Yahoo Finance,Edison International (EIX) Target Trimmed as Morgan Stanley Flags Ongoing Wildfire Exposure,2026-01-06T02:34:43Z
Yahoo Finance,This AI Cloud Specialist Is Poised for a Decade of Explosive Growth,2026-01-06T00:11:00Z
Yahoo Finance,Melius Sets $135 Target on Marvell (MRVL) as Custom Silicon Demand Accelerates,2026-01-06T02:37:02Z
Yahoo Finance,Wells Fargo Lifts BankUnited (BKU) Target Ahead of Expected 2026 Earnings Recovery,2026-01-06T02:39:16Z
Yahoo Finance,"Mizuho Sees Sales Upside at Darden (DRI), Flags Ongoing Commodity Cost Pressure",2026-01-06T02:41:37Z
Yahoo Finance,"Freedom Capital Sees Strong Results at Mastercard (MA), Maintains Hold View",2026-01-06T02:43:43Z
Yahoo Finance,Why Constellation Energy Stock Slumped Today,2026-01-06T00:25:38Z
Yahoo Finance,UBS Keeps Neutral on RPM while Mizuho Maintains Outperform Amid Sector Weakness,2026-01-06T02:45:54Z
CNBC,Why Trump wants Greenland — and what makes it so important for national security,"Wed, 07 Jan 2026 07:54:23 GMT"
CNBC,Big Pharma race to snap up biotech assets as $170 billion patent cliff looms,"Wed, 07 Jan 2026 07:31:11 GMT"
CNBC,Trump says Venezuela to give up to 50 million barrels of oil to U.S.,"Wed, 07 Jan 2026 02:23:14 GMT"
CNBC,"Trump administration freezes $10B in child, family aid to 5 states over fraud concerns","Wed, 07 Jan 2026 03:08:38 GMT"
CNBC,"Seven U.S. troops injured in Venezuela raid that captured Maduro, Pentagon says","Wed, 07 Jan 2026 06:51:25 GMT"
CNBC,Berkshire Hathaway lifts new CEO Greg Abel’s salary to $25 million,"Wed, 07 Jan 2026 00:48:32 GMT"
CNBC,Hilton Hotels removing Minneapolis franchise location after it again denied DHS booking,"Tue, 06 Jan 2026 18:33:52 GMT"
CNBC,"Elon Musk's xAI raises $20 billion from investors including Nvidia, Cisco, Fidelity","Tue, 06 Jan 2026 20:40:15 GMT"
CNBC,How Russia is benefiting from Trump's Venezuelan oil plan,"Tue, 06 Jan 2026 23:53:59 GMT"
CNBC,Who could see bigger tax refunds in 2026 from Trump's cuts,"Tue, 06 Jan 2026 14:15:01 GMT"
CNBC,"Euro zone inflation hits 2% in December, in line with forecasts","Wed, 07 Jan 2026 10:23:02 GMT"
CNBC,"Prediction markets show rising odds Trump seizes Panama Canal, moves on Greenland","Tue, 06 Jan 2026 22:24:38 GMT"
CNBC,Venezuela bonds are the hottest trade on Wall Street this week. But there are big risks from here,"Tue, 06 Jan 2026 19:29:25 GMT"
CNBC,Trump sets his sights on Greenland — but its economy faces ‘major challenges’,"Wed, 07 Jan 2026 07:58:57 GMT"
CNBC,"ACA subsidy cliff may mean 'astronomical tax bills' for many, CFP says","Tue, 06 Jan 2026 14:22:33 GMT"
CNBC,"Our Goldman Sachs stake may soon require action, and that's a good problem","Tue, 06 Jan 2026 19:54:41 GMT"
CNBC,European defense stocks rise as Denmark moves to rearm Greenland,"Wed, 07 Jan 2026 09:40:11 GMT"
CNBC,Uniqlo and Coach are opening cafes — joining longtime coffee players Ralph Lauren and Capital One. Here's why it's become a retail trend,"Tue, 06 Jan 2026 16:00:01 GMT"
CNBC,India’s state-owned refiners keep buying Russian oil even as New Delhi seeks U.S. tariff relief,"Wed, 07 Jan 2026 02:34:53 GMT"
CNBC,"Asian defense stocks pull back amid mixed regional trading, geopolitical uncertainty","Wed, 07 Jan 2026 08:17:10 GMT"
CNBC,Cramer warns the January rally is driven by emotion and not all stocks will hold up,"Tue, 06 Jan 2026 23:58:32 GMT"
CNBC,Republican Rep. Doug LaMalfa dies at 65,"Tue, 06 Jan 2026 19:20:43 GMT"
CNBC,Huang says Nvidia seeing ‘very high’ Chinese customer demand for H200 AI chips,"Tue, 06 Jan 2026 21:24:38 GMT"
CNBC,Amazon's AI shopping tool sparks backlash from online retailers that didn't want websites scraped,"Tue, 06 Jan 2026 22:16:57 GMT"
CNBC,"Venezuela could be sitting on a big Bitcoin stash, experts say. Here's what could happen next","Tue, 06 Jan 2026 22:18:49 GMT"
CNBC,"AMD's Lisa Su says AI isn't replacing people, but is changing who gets hired","Tue, 06 Jan 2026 18:35:27 GMT"
CNBC,"Meta hires Microsoft exec, former Trump deputy as chief legal officer","Tue, 06 Jan 2026 22:50:48 GMT"
CNBC,"This climate startup is taking recycling to the next level, with shower water beer","Tue, 06 Jan 2026 21:35:05 GMT"
CNBC,Memory chip giants spark global semiconductor rally as shortages stoke price hikes,"Tue, 06 Jan 2026 16:58:01 GMT"
CNBC,"Meta delays Ray-Ban Display glasses global rollout due to inventory limits, U.S. demand","Tue, 06 Jan 2026 16:29:38 GMT"
Investing.com,Thyssenkrupp shares jump as Jindal Steel weighs phased takeover of steel unit,2026-01-07 10:23:02
Investing.com,UK sells £4.25 billion of 4⅛% Treasury Gilt 2031 at auction,2026-01-07 10:22:43
Investing.com,"Eurozone annual inflation slows to 2.0%, Eurostat data shows",2026-01-07 10:20:39
Investing.com,"German unemployment rises less than expected in December, labour office says",2026-01-07 10:18:27
Investing.com,Cyprus assumes EU presidency with Ukraine’s Zelenskiy attending,2026-01-07 10:12:58
Investing.com,UBS upgrades Elisa Oyj to “buy” as dividend yield hits 10-year high,2026-01-07 10:12:41
Investing.com,Euro zone inflation eases to 2% before likely move below target in 2026,2026-01-07 10:12:38
Investing.com,Oil prices sink 1% after Trump says Venezuela to ship crude to the US,2026-01-07 10:12:35
Investing.com,"European stocks muted amid Venezuela fallout, impending data trove",2026-01-07 10:10:53
Investing.com,France working with allies on plan should US move on Greenland,2026-01-07 10:07:22
